{
    "000000167898_jpg.rf.005ebbec43153eb1561e219e07b6cfac.jpg": {
        "<OD>": {
            "bboxes": [
                [
                    0.3199999928474426,
                    286.79998779296875,
                    260.1600036621094,
                    479.2799987792969
                ],
                [
                    434.239990234375,
                    78.95999908447266,
                    463.03997802734375,
                    155.27999877929688
                ],
                [
                    446.3999938964844,
                    273.8399963378906,
                    618.5599975585938,
                    479.2799987792969
                ],
                [
                    332.47998046875,
                    171.1199951171875,
                    411.1999816894531,
                    208.55999755859375
                ],
                [
                    0.3199999928474426,
                    0.23999999463558197,
                    265.91998291015625,
                    423.5999755859375
                ],
                [
                    248.63999938964844,
                    179.27999877929688,
                    468.79998779296875,
                    479.2799987792969
                ],
                [
                    249.27999877929688,
                    180.239990234375,
                    468.1600036621094,
                    277.67999267578125
                ],
                [
                    315.8399963378906,
                    109.19999694824219,
                    367.67999267578125,
                    156.239990234375
                ],
                [
                    364.47998046875,
                    399.1199951171875,
                    446.3999938964844,
                    479.2799987792969
                ]
            ],
            "labels": [
                "bathtub",
                "bottle",
                "cistern",
                "faucet",
                "shower curtain",
                "sink",
                "sink",
                "soap dispenser",
                "trash bin/can"
            ]
        }
    },
    "000000466567_jpg.rf.0015a783139efa1d01f362c2fc373c9a.jpg": {
        "<OD>": {
            "bboxes": [
                [
                    0.23999999463558197,
                    0.3199999928474426,
                    479.2799987792969,
                    639.0399780273438
                ],
                [
                    107.75999450683594,
                    231.36000061035156,
                    360.239990234375,
                    463.03997802734375
                ]
            ],
            "labels": [
                "christmas tree",
                "doughnut"
            ]
        }
    },
    "000000355169_jpg.rf.000c001384b5883ba2649cccba0cfe35.jpg": {
        "<OD>": {
            "bboxes": [
                [
                    237.1199951171875,
                    104.39999389648438,
                    316.47998046875,
                    189.36000061035156
                ]
            ],
            "labels": [
                "clock"
            ]
        }
    },
    "000000267903_jpg.rf.0087200637b2d5317428aabe8e7a0162.jpg": {
        "<OD>": {
            "bboxes": [
                [
                    73.27999877929688,
                    15.123000144958496,
                    337.6000061035156,
                    292.02301025390625
                ],
                [
                    352.9599914550781,
                    245.58900451660156,
                    523.2000122070312,
                    425.3609924316406
                ]
            ],
            "labels": [
                "sink",
                "toilet"
            ]
        }
    },
    "000000035326_jpg.rf.0033875b667813f17f086f30d0dcc4df.jpg": {
        "<OD>": {
            "bboxes": [
                [
                    0.3199999928474426,
                    0.23999999463558197,
                    160.3199920654297,
                    97.68000030517578
                ],
                [
                    111.04000091552734,
                    314.1600036621094,
                    528.9599609375,
                    439.91998291015625
                ]
            ],
            "labels": [
                "cabinetry",
                "gas stove"
            ]
        }
    },
    "000000158956_jpg.rf.002961a5e69d1137e816238b43333366.jpg": {
        "<OD>": {
            "bboxes": [
                [
                    166.72000122070312,
                    314.2875061035156,
                    291.5199890136719,
                    356.3625183105469
                ],
                [
                    338.8800048828125,
                    158.3125,
                    345.91998291015625,
                    165.1125030517578
                ],
                [
                    307.5199890136719,
                    144.28750610351562,
                    490.55999755859375,
                    424.3625183105469
                ],
                [
                    322.239990234375,
                    159.58750915527344,
                    363.1999816894531,
                    219.9375
                ],
                [
                    168.63999938964844,
                    36.76250076293945,
                    491.1999816894531,
                    424.3625183105469
                ],
                [
                    217.27999877929688,
                    202.51251220703125,
                    228.1599884033203,
                    209.7375030517578
                ]
            ],
            "labels": [
                "cake",
                "earrings",
                "fancy dress",
                "necklace",
                "person",
                "ring"
            ]
        }
    }
}